시도교육청,폐교명,폐교연도,지역교육청,급별,활용현황,주소,위도,경도
충북,(구)가덕중,2022,청주,중,자체활용,청주시 상당구 가덕면 수곡리 255,36.5624982,127.5611769
충북,(구)내곡초,2019,청주,초,매각,청주시 흥덕구 내곡동 10-2,36.6602036,127.4285537
경기,(구)대광중,2020,연천,중,자체활용,연천군 신서면 도신리 228,38.1791859,127.1087379
경기,(구)동패초,2020,파주,초,자체활용,파주시 동패동 1795,37.7171727,126.7402791
부산,(구)반송중학교,2020,해운대,중,자체활용,해운대구 반송동 250-2696,35.2226887,129.1483977
부산,(구)반여초등학교,2020,해운대,초,대부,해운대구 반여3동 1594-73,35.2003938,129.1332514
경기,(구)백성초,2018,안성,초,자체활용,안성시 금산동 119,37.0109215,127.2675594
경기,(구)보개초,2021,안성,초,자체활용,안성시 보개면 복평리 162,37.0419288,127.307841
충북,(구)복대초,2023,청주,초,자체활용,청주시 흥덕구 복대동 709-4,36.6291442,127.4478368
충북,(구)상신초,2019,진천,초,미활용,진천군 이월면 신월리 317-16,36.9236395,127.46658
부산,(구)서곡초등학교,2022,금정구,초,자체활용,금정구 서동 134-13,35.220107,129.1047559
부산,(구)연포초등학교,2019,남부,초,자체활용,남구 대연동 1788-2,35.1393691,129.0812739
경남,(구)예하초등학교,2019,진주,초,매각,경상남도 진주시 정촌면 예하리 756-1,35.1228151,128.0942305
경북,(구)울릉중학교,2020,울릉,중,자체활용,울릉군 울릉읍 도동리 223-8,37.4881347,130.9012585
경남,(구)웅천초등학교,2018,창원,초,자체활용,창원시 진해구 성내동 399-4,35.11323,128.7502413
부산,(구)일광초등학교,2020,해운대,초,자체활용,기장군 일광면 화전리 111,35.2790684,129.2312966
경기,(구)종덕초,2020,평택,초,매각,평택시 고덕면 두릉리 608-1(현 좌교리 1378)외 2필지,37.057144,127.0162184
경남,(구)주촌초등학교,2019,김해,초,자체활용,김해시 주촌면 내삼리 652-1,35.2357352,128.8215624
충북,(구)중앙탑초,2018,충주,초,자체활용,충주시 중앙탑면 탑평리 212-1,37.026783,127.855347
부산,가락중학교,2022,북부,중,자체활용,강서구 죽림동 1090,35.1902507,128.9036125
경남,가산초등학교,2019,합천,초,매각,경상남도 합천군 가야면 사촌리 166,35.7515857,128.1221601
경북,가천초등학교무학분교장,2018,성주,초,미활용,성주군 금수면 무학리 1410,35.9259877,128.0971553
강원,가평초등학교,2020,평창,초,대부,평창군 대화면 하안미리 417,37.4475295,128.4820751
부산,감정초등학교,2019,서부,초,자체활용,사하구 감천동 10-2,35.0969874,129.0108625
강원,갑천초 금성분교장,2018,횡성,초,대부,횡성군 갑천면 하대리 44,37.538129,128.1622303
충북,강천초,2019,충주,초,대부,충주시 앙성면 목미리 89-2,37.1625659,127.7521883
전남,거문초덕촌분교장,2019,여수,초,미활용,여수 삼산면 덕촌리 814-1,34.0253069,127.3035237
전남,거문초동도분교장,2020,여수,초,미활용,여수 삼산면 동도리 1012,34.048352,127.3191256
전남,거문초서도분교장,2019,여수,초,자체활용,여수 삼산면 서도리 25,34.0559278,127.2963522
전남,거문초손죽분교장,2022,여수,초,대부,여수 삼산면 손죽리 산1466,34.2823347,127.3562603
경남,거창중학교신원분교장,2020,거창,중,매각,경상남도 거창군 신원면 과정리 253,35.5621693,127.9253219
울산,검단분교,2020,강남,초,대부,울주군 웅촌면 검단리 603-3,35.4575527,129.1776954
충남,결성중,2018,홍성,중,매각,홍성군 결성면 읍내리 29,36.5284976,126.5498882
경북,경주마케팅고등학교,2019,경주,고,자체활용,경주시 산내면 의곡리 70-65,35.7523724,129.0464332
경남,경호중고등학교,2018,산청,고,자체활용,산청군 금서면 화계리645-2,35.4595164,127.7922751
경남,고전초등학교고남분교장,2021,하동,초,자체활용,하동군 고전면 전도리 417,35.0008116,127.797802
경남,고현중학교,2019,남해,중,미활용,남해군 고현면 포상리 152,34.8895789,127.8731952
경북,곡송초등학교,2023,김천,초,미활용,김천시 감문면 태촌리 785,36.2034637,128.2199896
서울,공진중,2020,강서양천,중,미활용,강서구 가양동 1476,37.5662994,126.8509166
전북,관청초,2019,정읍,초,자체활용,정읍시 고부면 관청리 548,35.6155942,126.7444492
대구,교동중,2023,서부,중,대부,북구 읍내동 1305-3,35.9438385,128.549402
인천,교동초 지석분교,2023,강화,초,미활용,인천광역시 강화군 삼선리 493,37.8008186,126.2568836
경남,구남중학교구산분교장,2019,창원,중,대부,창원시 마산합포구 구산면 수정리 653-2,35.1191276,128.5812059
경기,군서중,2021,시흥,중,자체활용,시흥시 정왕동 1605,37.3460828,126.7435456
전남,군외초등학교불목분교장,2020,완도,초,매각,군외면 불목리 242-1,34.3924022,126.6996449
강원,근덕초 궁촌분교장,2023,삼척,초,미활용,삼척시 근덕면 궁촌리 397,37.3205332,129.2632189
강원,근덕초 동막분교장,2018,삼척,초,미활용,삼척시 근덕면 동막리 381,37.3386819,129.2434903
경북,금성여자상업고,2019,의성,고,대부,의성군 금성면 탑리리 960,36.261105,128.6857669
전북,금성초,2018,익산,초,자체활용,익산시 성당면 두동리 702,36.1220401,126.9203711
경기,금주초,2022,포천,초,자체활용,포천시 영중면 금주리 522-1,37.9735394,127.2605413
경북,금천초문명분교,2018,청도,초,대부,청도군 운문면 신원리 1230-1,35.6848495,128.9611647
경북,기계중학교상옥분교,2021,포항,중,대부,포항시 북구 죽장면 상옥리 389,36.2508165,129.2149888
강원,기린초 방동분교장,2022,인제,초,미활용,인제군 기린면  방동리 520,37.9220961,128.4038892
경북,기성초등학교구산분교장,2023,울진,초,미활용,울진군 기성면 구산리 320,36.755699,129.4657722
경기,기흥중,2019,본청,중,자체활용,용인시 기흥구 신갈동 2-3,37.2791032,127.1088236
경북,길주중학교 녹전분교,2018,안동,중,대부,안동시 녹전면 신평리 756,36.7450717,128.7753714
경북,김천상업고등학교,2019,김천,고,대부,김천시 지례면 교리 407,35.9971955,128.0321535
전남,나진초용창분교장,2021,여수,초,대부,여수 화양면 용주리 1515-17,34.7270527,127.6187748
인천,난정초,2019,강화,초,자체활용,인천광역시 강화군 교동면 난정리 1282,37.7704824,126.2393842
경남,남수중학교,2019,남해,중,미활용,남해군 삼동면 지족리 192-7,34.8311188,128.0043376
충북,남한강초,2020,충주,초,자체활용,충주시 문화동 1924,36.9694008,127.9263292
강원,내촌초 동창분교장,2021,홍천,초,대부,홍천군 내촌면 물걸리 646,37.7854474,128.1443271
충북,능산초,2023,음성,초,미활용,음성군 삼성면 능산리 203,37.0393998,127.5381744
충북,단천초 가산분교장,2019,단양,초,미활용,단양군 단성면 가산리 290,36.8935132,128.3055595
충남,대명초,2022,논산계룡,초,미활용,논산시 상월면 대촌리 268,36.2976532,127.1670757
경남,대방초등학교마도분교장,2019,사천,초,매각,경상남도 사천시 마도동 6,34.9352009,128.0326433
충북,대소원초,2020,충주,초,자체활용,충주시 대소원면 본리 569-15,36.9751866,127.8254997
전북,대야초광산분교,2023,군산,초,자체활용,군산시 대야면 접산리 391-15,35.9358662,126.8670456
부산,대저중앙초등학교,2018,북부,초,매각,부산 강서구 대저2동 3611-3,35.1565862,128.9283548
부산,덕도초등학교,2019,북부,초,미활용,강서구 강동동 2273-1,35.1920911,128.9157824
충남,덕명초,2019,홍성,초,자체활용,홍성군 광천읍 신진리 402,36.5053511,126.6247173
경기,덕산초 대장분교장,2021,부천,초,대부,부천시 오정구 대장동 196-1,37.5420719,126.7909934
부산,덕천여자중학교,2022,북부,중,자체활용,북구 덕천동 485-1,35.217365,129.0117402
강원,도계여자중학교,2023,삼척,중,자체활용,삼척시 도계읍  도계리 256,37.231248,129.0487914
강원,도계초 소달분교장,2023,삼척,초,미활용,삼척시 도계읍 고사리 136-1,37.2756672,129.0636401
경북,도산중학교,2018,안동,중,자체활용,안동시 도산면 온혜리 923,36.7491597,128.8236713
부산,동삼중학교,2019,서부,중,자체활용,영도구  동삼동 331-41,35.0761935,129.0690505
경기,마석초 녹촌분교장,2019,구리남양주,초,미활용,남양주시 화도읍 녹촌리 272,37.6519309,127.2862657
강원,마차초 공기분교장,2020,영월,초,미활용,영월군 북면 공기리 799,37.3089899,128.4347227
강원,마차초 연덕분교장,2018,영월,초,매각,영월군 북면 연덕리 604-4,37.2878797,128.4266759
경북,모아초등학교모서분교장,2021,경주,초,대부,경주시 강동면 모서리 529,35.950255,129.2530258
충북,목도고,2022,괴산증평,고,자체활용,괴산군 불정면 목도리 360,36.8714018,127.8514343
경남,물건중학교,2019,남해,중,대부,남해군 삼동면 물건리 166-1,34.7980027,128.0460039
충북,미봉초,2018,영동,초,대부,영동군 양강면 유점리 697-3,36.1274146,127.7269763
경기,방초초,2023,안성,초,자체활용,안성시 일죽면 방초리 459-2,37.1196121,127.4335214
경남,법수중학교,2020,함안,중,자체활용,함안군 법수면 우거리 912,35.3119773,128.3495163
경기,법원초,2019,파주,초,대부,파주시 법원읍 법원리 500,37.8565257,126.8799817
경기,보개초 가율분교장,2021,안성,초,자체활용,안성시 보개면 이전리 347-2,37.0596635,127.2957409
전남,보길동초예작분교장,2019,완도,초,매각,보길면 예송리 산100,34.1353518,126.5684737
강원,봉래초 거운분교장,2022,영월,초,대부,영월군 영월읍 거운리 529-8,37.2363687,128.5120402
경기,부천북여중,2018,부천,중,자체활용,부천시 원미구 도당동 36,37.5174873,126.786477
경기,부천북중,2018,부천,중,자체활용,부천시 원미구 도당동 37,37.5133856,126.7853256
강원,부평초 신월분교장,2019,인제,초,매각,인제군 남면 신월리 244,38.0283772,128.0765387
경북,북삼초등학교오평분교장,2022,칠곡,초,자체활용,칠곡군 북삼읍 오평리 847-7,36.0593758,128.3787366
전북,비안도초등학교,2021,군산,초,미활용,군산시 옥도면 비안도리 259,35.7350791,126.4566632
경남,산양초등학교학림분교장,2020,통영,초,매각,경상남도 통영시 산양읍 저림리 31-1,34.7472041,128.4073034
전남,산이서초금호분교장,2018,해남,초,자체활용,해남 산이면 금호리 539,34.6909395,126.3627483
충북,산척중,2023,충주,중,자체활용,충주시 산척면 영덕리 718-2,37.0732341,127.9553588
경남,산청중학교,2018,산청,중,자체활용,산청군 산청읍 옥산리747,35.4107763,127.871379
경남,산청중학교차황분교장,2018,산청,중,매각,경상남도 산청군 차황면 부리 332-4,35.462543,127.9280104
경북,삼근초왕피분교장,2019,울진,초,매각,울진군 금강송면 왕피리 594,36.886591,129.2631886
부산,삼락중학교,2019,북부,중,매각,부산 사상구 삼락동 380-17,35.1812799,128.9784851
전북,삼례여중,2020,완주,중,자체활용,완주군 삼례읍 삼례리 202-7,35.9208872,127.0801564
경남,삼천포초등학교신수도분교장,2023,사천,초,미활용,사천시 신수동  217,34.9037532,128.0749039
경남,상동중학교,2018,밀양,중,자체활용,밀양시 상동면 금산리 887-3,35.5532668,128.7618203
강원,상승초 노동분교장,2019,화천,초,미활용,화천군 상서면  노동리 504-2,38.1766585,127.6717159
충북,상촌중,2019,영동,중,대부,영동군 상촌면 유곡리 467-3,36.1431755,127.9131448
경남,생초고등학교,2018,산청,고,매각,경상남도 산청군 생초면 어서리 413,35.4971794,127.8370862
경남,생초중학교,2018,산청,중,미활용,산청군 생초면 어서리 417-1,35.4962172,127.8361622
인천,서도중 볼음분교,2019,강화,중,미활용,인천광역시 강화군 서도면 볼음도리596-1,37.6711038,126.1906245
인천,서도초 볼음분교,2019,강화,초,미활용,인천광역시 강화군 서도면 볼음도리596-1,37.6711038,126.1906245
경기,서삼초,2021,안성,초,자체활용,안성시 보개면 남풍리 1070,37.0867265,127.3090365
경기,서신초 제부분교장,2020,화성오산,초,미활용,화성시 서신면  제부리 23-1,37.1701642,126.6270409
대구,서진중,2018,서부,중,자체활용,서구 평리동 550,35.8784592,128.5525613
강원,서화초 서성분교장,2023,인제,초,미활용,인제군 서화면  서화리 1242,38.2715512,128.2609359
경북,서후초등학교 대흥분교장,2022,안동,초,미활용,안동시 서후면 대두서리 61,36.6221446,128.6223081
강원,소달중학교,2018,삼척,중,대부,삼척시 도계읍  고사리 197-7,37.2771402,129.0621699
충남,소원초 의항분교장,2023,태안,초,미활용,태안군 소원면 의항리 337,36.8297535,126.160729
충북,소이초 대장분교,2019,음성,초,대부,음성군 소이면 대장리 344-4,36.9335644,127.7529014
경북,소천고등학교,2018,봉화,고,자체활용,봉화군 소천면 현동리 701-10 외 6필지,36.9435043,129.005089
경북,소천초등학교분천분교장,2021,봉화,초,매각,봉화군 소천면 분천리 1151,36.9429301,129.073145
강원,속초초 월운분교장,2022,홍천,초,대부,홍천군 영귀미면 월운리 334-4,37.6451705,127.9270965
강원,속초초 좌운분교장,2021,홍천,초,미활용,홍천군 동면 좌운리 922,37.6358108,128.0122879
충북,수정초 삼가분교장,2018,보은,초,매각,보은군 속리산면 삼가리 140,36.4911546,127.8600261
전남,순천승남중외서분교장,2018,순천,초,자체활용,순천 외서면 화전리 288,34.9129649,127.2759397
경남,숭산초등학교,2019,합천,초,자체활용,합천군 가야면 매안리 392,35.7324295,128.1071702
강원,신천중학교,2022,영월,중,미활용,영월군 한반도면 신천리 615-2,37.230533,128.334584
강원,쌍룡초 토교분교장,2021,영월,초,미활용,영월군 남면 토교리 496-1,37.160005,128.3090593
경북,안동중학교 와룡분교장,2018,안동,중,대부,안동시 와룡면 지내리 926,36.6417481,128.7715951
경북,안동중학교 인계분교,2018,안동,중,대부,안동시 예안면 인계리 산19-5,36.6933738,128.9158968
전남,안양동초등학교,2022,장흥,초,매각,안양면 수문리 359-2,34.634538,127.0254312
전남,안좌중팔금분교장,2021,신안,중,매각,팔금면 장촌리 294,34.7798014,126.1431119
전남,암태초당사분교장,2018,신안,초,매각,신안군 암태면 당사리 355,34.8883048,126.1782091
전남,암태초추포분교장,2021,신안,초,매각,신안군 암태면 수곡리 989,34.8073449,126.0676623
전남,압해초고이분교장,2018,신안,초,매각,신안군 압해읍 고이리 1072,34.9595921,126.288254
충북,야동초,2020,충주,초,대부,충주시 소태면 야동리 487,37.0999326,127.8775736
전남,약수중학교,2018,장성,중,자체활용,장성 북하면 약수리 428-1,35.4067206,126.8807945
강원,양양여자고등학교,2019,속초양양,고,대부,양양군 양양읍 서문리 224,38.0728976,128.6132369
강원,양양여자중학교,2019,속초양양,중,자체활용,양양군 양양읍 서문리 224,38.0728976,128.6132369
경북,양천초등학교,2019,김천,초,대부,김천시 양천동 1301-2,36.0928659,128.1060313
전남,여안초등학교,2022,여수,초,미활용,여수 남면 안도리 991,34.4854725,127.8054974
전남,여안초여남중안도분교장,2020,여수,초,대부,여수 남면 안도리 999-3,34.4848853,127.8057623
서울,염강초,2020,강서양천,초,미활용,강서구 가양동 1492,37.5610265,126.8643914
전남,영광중앙초월송분교장,2019,영광,초,매각,영광읍 덕호리 128,35.306664,126.4855152
경북,영양중 입암분교장(국),2019,영양,중,자체활용,영양군 입암면 산해리 48,36.5906929,129.0866691
강원,영월초 연상분교장,2019,영월,초,미활용,영월군 산솔면 연상리 70-1,37.1988096,128.6142154
강원,영월초 연하분교,2023,영월,초,미활용,영월군 영월읍 연하리 513-1,37.1890299,128.5484683
경기,영중초,2022,포천,초,자체활용,포천시 영중면 성동리 891-3,38.0149285,127.2485446
경기,영평초,2022,포천,초,대부,포천시 영중면 영평리 240,38.0159424,127.2172329
경북,영화초 화덕분교,2020,영천,초,미활용,영천시 화산면 덕암리 140-2,36.0323505,128.8325496
충북,옥산초 소로분교장,2019,청주,초,매각,청주시 흥덕구 옥산면 소로리 313-1,36.6883861,127.4040961
충북,용문중,2019,영동,중,매각,영동군 용산면 용산리 91,36.264471,127.8234554
인천,용유초 무의분교,2023,남부,초,미활용,인천광역시 중구 무의동 206-1,37.3900606,126.4254684
경북,용흥중학교,2019,포항,중,대부,포항시 북구 용흥동 340,36.0373515,129.3509887
경북,우산중학교,2020,울릉,중,대부,울릉군 울릉읍 저동리 456,37.4979852,130.9042701
경북,울릉북중학교,2020,울릉,중,대부,울릉군 북면 천부리 713,37.542713,130.8712578
경북,울릉서중학교,2020,울릉,중,대부,울릉군 서면 남서리 30-3,37.4736503,130.8342509
경기,원곡초 성은분교장,2018,안성,초,대부,안성시 원곡면 성은리 35-1,37.0771966,127.1600746
충남,원북초 방갈분교장,2021,태안,초,미활용,태안군 원북면 방갈리 202,36.8735626,126.2124111
충남,원이중 이원분교장,2022,태안,중,자체활용,태안군 이원면 포지리 291-1,36.868181,126.2821977
전남,유달초 율도분교장,2021,목포,초,미활용,목포 율도동 261,34.8030682,126.3225411
전남,율촌초산수분교장,2021,여수,초,미활용,여수 율촌면 산수리 642,34.8813082,127.5535335
경북,이두초쌍호분교장,2019,의성,초,매각,의성군 안사면 월소리 750-1,36.4972564,128.4232942
강원,인구초 임호분교장,2021,속초양양,초,매각,양양군 현남면 임호정리 258-2,37.9254462,128.7768195
충남,인세초,2018,부여,초,대부,부여군 세도면 귀덕리 503,36.1670709,126.9728175
경북,임동중학교,2018,안동,중,미활용,안동시 임동면 중평리 948,36.5702416,128.9193444
충북,입석초,2021,제천,초,대부,제천시 송학면 입석리 609-2,37.1996042,128.2935637
강원,장성여자중학교,2021,태백,중,자체활용,태백시 장성동 62-1,37.1035572,129.021085
충남,장평중,2020,청양,중,자체활용,청양군 장평면 중추리 14,36.3478557,126.9019511
강원,장호중학교,2022,삼척,중,미활용,삼척시 근덕면 장호리 201,37.2835875,129.3117729
경기,전곡초 적동분교장,2018,연천,초,자체활용,연천군 전곡읍 늘목리 111-2,37.9405229,127.0007987
전남,점암초신안분교장,2019,고흥,초,매각,점암면 신안리 205,34.6571419,127.3410272
강원,조전초,2020,영월,초,매각,영월군 남면 조전리 437,37.1258869,128.4269242
부산,좌성초등학교,2021,남부,초,매각,부산 동구 범일동 1400,35.1373811,129.0521559
부산,좌천초등학교,2018,남부,초,매각,부산 동구 좌천동 874,35.1355241,129.0484875
충북,주덕고,2023,충주,고,자체활용,충주시 주덕읍 신중리 130-3,36.9721605,127.786222
경남,주동초등학교,2019,김해,초,자체활용,김해시 주촌면 선지리 248-1,35.2449598,128.8365121
대구,죽전중,2020,남부,중,자체활용,달서구 죽전동 176,35.8573227,128.5388991
전남,증도초병풍도분교장,2020,신안,초,매각,신안군 증도면 병풍리 533-1,34.9685175,126.2087185
전남,지도초선치분교장,2018,신안,초,매각,신안군 지도읍 선도리 594-1,34.982815,126.2637
전남,지도초어의분교장,2018,신안,초,매각,신안군 지도읍 어의리 492,35.1330436,126.1871246
충남,청남중,2020,청양,중,매각,청양군 청남면 청소리 218-1,36.3547422,126.9509583
충남,청룡초 고대분교장,2018,보령,초,매각,보령시 오천면 삽시도리 1073,36.3388359,126.3549133
강원,청일초 신대분교장,2019,횡성,초,매각,횡성군 청일면 신대리 321-1,37.5927542,128.2185645
충남,청파초 호도분교장,2023,보령,초,자체활용,보령시 오천면 녹도리 360,36.2970882,126.26087
경북,축산항초등학교경정분교장,2023,영덕,초,미활용,영덕군 축산면 경정리 234,36.4860849,129.4336558
충남,팔봉초 고파도분교장,2023,서산,초,대부,서산시 팔봉면 고파도리 159,36.9100451,126.3339696
경북,평해여자중학교,2019,울진,중,자체활용,울진군 평해읍 평해리 413,36.7289532,129.4438917
경북,풍각중각북분교,2018,청도,중,매각,청도군 각북면 남산리 248,35.6902328,128.5888341
경북,하양초등학교화성분교장,2022,경산,초,자체활용,경산시 하양읍 환상리 75-1,35.8854029,128.7904322
강원,하장고등학교,2022,삼척,고,자체활용,삼척시 하장면  광동리 121,37.3524801,128.9343444
경남,한려초등학교영운분교장,2021,통영,초,미활용,통영시 산양읍 영운리 860,34.8066376,128.4314475
경남,한평초등학교,2018,진주,초,자체활용,진주시 대평면 대평리 509,35.2347678,127.9597129
전남,함평여자고등학교,2018,함평,고,자체활용,함평 함평읍 내교리 829-2,35.0579407,126.5210054
경남,해인초등학교,2019,합천,초,매각,경상남도 합천군 가야면 치인리 산19,35.7934233,128.0859451
전남,현경초해운분교장,2018,무안,초,매각,현경면 해운리 523,35.0602708,126.4635271
전남,화산남초등학교,2018,해남,초,매각,해남군 화산면 평호리 12-1,34.4517465,126.4845595
서울,화양초,2023,성동광진,초,미활용,광진구 화양동 12-2,37.5441957,127.0712112
전남,화태초돌산중화태분교장,2022,여수,초,미활용,여수 남면 화태리 313,34.5850046,127.7350513
전남,화태초등학교,2022,여수,초,미활용,여수 남면 화태리 313,34.5850046,127.7350513
충북,황간중,2019,영동,중,매각,영동군 황간면 남성리 526-1,36.2304018,127.9089383
충남,황화초,2022,논산계룡,초,미활용,논산시 연무읍 마전리 811-17,36.0888027,127.085438
부산,회동초등학교,2018,동래,초,자체활용,금정구 회동동 143-1,35.2296478,129.1209185
울산,효문분교,2020,강남,초,자체활용,북구 효문동 767,35.5666914,129.3683486
전남,흑산초흑산서분교장,2018,신안,초,매각,신안군 흑산면 사리 26,34.6449774,125.4109538